<pokedex>
    <pokemon id="1">
        <name>BULBASAUR</name>
        <type>Grass</type>
        <type>Poison</type>
        <ability>Overgrow</ability>
        <exp>1059860</exp>
        <stats>
            <HP>45</HP>
            <ATK>49</ATK>
            <DEF>49</DEF>
            <SPD>45</SPD>
            <SAT>65</SAT>
            <SDF>65</SDF>
        </stats>
        <evolutions>
            <evolution id="1">
                <name>Bulbasaur</name>
            </evolution>
            <evolution id="2">
                <name>Ivysaur</name>
                <lvl>16</lvl>
            </evolution>
            <evolution id="3">
                <name>Venusaur</name>
                <lvl>32</lvl>
            </evolution>
        </evolutions>
        <ratio>
            <male>87.5</male>
            <female>12.5</female>
        </ratio>
        <egg-group>Monster</egg-group>
        <egg-group>Grass</egg-group>
        <species>Seed Pokemon</species>
        <height>0.7</height>
        <weight>6.9</weight>
        <description>For some time after its birth, it grows by gaining nourishment from the seed on its back.</description>
        <moves>
            <move type="level-up">
                <name>Tackle</name>
                <lvl>1</lvl>
            </move>
            <move type="level-up">
                <name>Growl</name>
                <lvl>3</lvl>
            </move>
            <move type="level-up">
                <name>Leech Seed</name>
                <lvl>7</lvl>
            </move>
            <move type="level-up">
                <name>Vine Whip</name>
                <lvl>9</lvl>
            </move>
            <move type="level-up">
                <name>Poisonpowder</name>
                <lvl>13</lvl>
            </move>
            <move type="level-up">
                <name>Sleep Powder</name>
                <lvl>13</lvl>
            </move>
            <move type="level-up">
                <name>Take Down</name>
                <lvl>15</lvl>
            </move>
            <move type="level-up">
                <name>Razor Leaf</name>
                <lvl>19</lvl>
            </move>
            <move type="level-up">
                <name>Sweet Scent</name>
                <lvl>21</lvl>
            </move>
            <move type="level-up">
                <name>Growth</name>
                <lvl>25</lvl>
            </move>
            <move type="level-up">
                <name>Double-edge</name>
                <lvl>27</lvl>
            </move>
            <move type="level-up">
                <name>Worry Seed</name>
                <lvl>31</lvl>
            </move>
            <move type="level-up">
                <name>Synthesis</name>
                <lvl>33</lvl>
            </move>
            <move type="level-up">
                <name>Seed Bomb</name>
                <lvl>37</lvl>
            </move>
            <move type="TM/HM">
                <machine>TM</machine>
                <name>Toxic</name>
                <lvl>06</lvl>
            </move>
            <move type="TM/HM">
                <machine>TM</machine>
                <name>Bullet Seed</name>
                <lvl>09</lvl>
            </move>
            <move type="TM/HM">
                <machine>TM</machine>
                <name>Hidden Power</name>
                <lvl>10</lvl>
            </move>
            <move type="TM/HM">
                <machine>TM</machine>
                <name>Sunny Day</name>
                <lvl>11</lvl>
            </move>
            <move type="TM/HM">
                <machine>TM</machine>
                <name>Protect</name>
                <lvl>17</lvl>
            </move>
            <move type="TM/HM">
                <machine>TM</machine>
                <name>Giga Drain</name>
                <lvl>19</lvl>
            </move>
            <move type="TM/HM">
                <machine>TM</machine>
                <name>Frustration</name>
                <lvl>21</lvl>
            </move>
            <move type="TM/HM">
                <machine>TM</machine>
                <name>Solarbeam</name>
                <lvl>22</lvl>
            </move>
            <move type="TM/HM">
                <machine>TM</machine>
                <name>Return</name>
                <lvl>27</lvl>
            </move>
            <move type="TM/HM">
                <machine>TM</machine>
                <name>Double Team</name>
                <lvl>32</lvl>
            </move>
            <move type="TM/HM">
                <machine>TM</machine>
                <name>Sludge Bomb</name>
                <lvl>36</lvl>
            </move>
            <move type="TM/HM">
                <machine>TM</machine>
                <name>Facade</name>
                <lvl>42</lvl>
            </move>
            <move type="TM/HM">
                <machine>TM</machine>
                <name>Secret Power</name>
                <lvl>43</lvl>
            </move>
            <move type="TM/HM">
                <machine>TM</machine>
                <name>Rest</name>
                <lvl>44</lvl>
            </move>
            <move type="TM/HM">
                <machine>TM</machine>
                <name>Attract</name>
                <lvl>45</lvl>
            </move>
            <move type="TM/HM">
                <machine>TM</machine>
                <name>Energy Ball</name>
                <lvl>53</lvl>
            </move>
            <move type="TM/HM">
                <machine>TM</machine>
                <name>Endure</name>
                <lvl>58</lvl>
            </move>
            <move type="TM/HM">
                <machine>TM</machine>
                <name>Flash</name>
                <lvl>70</lvl>
            </move>
            <move type="TM/HM">
                <machine>TM</machine>
                <name>Swords Dance</name>
                <lvl>75</lvl>
            </move>
            <move type="TM/HM">
                <machine>TM</machine>
                <name>Captivate</name>
                <lvl>78</lvl>
            </move>
            <move type="TM/HM">
                <machine>TM</machine>
                <name>Sleep Talk</name>
                <lvl>82</lvl>
            </move>
            <move type="TM/HM">
                <machine>TM</machine>
                <name>Natural Gift</name>
                <lvl>83</lvl>
            </move>
            <move type="TM/HM">
                <machine>TM</machine>
                <name>Grass Knot</name>
                <lvl>86</lvl>
            </move>
            <move type="TM/HM">
                <machine>TM</machine>
                <name>Swagger</name>
                <lvl>87</lvl>
            </move>
            <move type="TM/HM">
                <machine>TM</machine>
                <name>Substitute</name>
                <lvl>90</lvl>
            </move>
            <move type="TM/HM">
                <machine>HM</machine>
                <name>Cut</name>
                <lvl>1</lvl>
            </move>
            <move type="TM/HM">
                <machine>HM</machine>
                <name>Strength</name>
                <lvl>4</lvl>
            </move>
            <move type="TM/HM">
                <machine>HM</machine>
                <name>Rock Smash</name>
                <lvl>6</lvl>
            </move>
            <move type="egg">
                <name>Amnesia</name>
            </move>
            <move type="egg">
                <name>Charm</name>
            </move>
            <move type="egg">
                <name>Curse</name>
            </move>
            <move type="egg">
                <name>Grasswhistle</name>
            </move>
            <move type="egg">
                <name>Ingrain</name>
            </move>
            <move type="egg">
                <name>Leaf Storm</name>
            </move>
            <move type="egg">
                <name>Light Screen</name>
            </move>
            <move type="egg">
                <name>Magical Leaf</name>
            </move>
            <move type="egg">
                <name>Nature Power</name>
            </move>
            <move type="egg">
                <name>Petal Dance</name>
            </move>
            <move type="egg">
                <name>Safeguard</name>
            </move>
            <move type="egg">
                <name>Skull Bash</name>
            </move>
        </moves>
    </pokemon>
    <pokemon id="2">
        <name>IVYSAUR</name>
        <type>Grass</type>
        <type>Poison</type>
        <ability>Overgrow</ability>
        <exp>1059860</exp>
        <stats>
            <HP>60</HP>
            <ATK>62</ATK>
            <DEF>63</DEF>
            <SPD>60</SPD>
            <SAT>80</SAT>
            <SDF>80</SDF>
        </stats>
        <evolutions>
            <evolution id="1">
                <name>Bulbasaur</name>
            </evolution>
            <evolution id="2">
                <name>Ivysaur</name>
                <lvl>16</lvl>
            </evolution>
            <evolution id="3">
                <name>Venusaur</name>
                <lvl>32</lvl>
            </evolution>
        </evolutions>
        <ratio>
            <male>87.5</male>
            <female>12.5</female>
        </ratio>
        <egg-group>Monster</egg-group>
        <egg-group>Grass</egg-group>
        <species>Seed Pokemon</species>
        <height>1</height>
        <weight>13</weight>
        <description>When the bud on its back starts swelling, a sweet aroma wafts to indicate the flower's coming bloom.</description>
        <moves>
            <move type="level-up">
                <name>Tackle</name>
                <lvl>1</lvl>
            </move>
            <move type="level-up">
                <name>Growl</name>
                <lvl>1</lvl>
            </move>
            <move type="level-up">
                <name>Leech Seed</name>
                <lvl>1</lvl>
            </move>
            <move type="level-up">
                <name>Growl</name>
                <lvl>3</lvl>
            </move>
            <move type="level-up">
                <name>Leech Seed</name>
                <lvl>7</lvl>
            </move>
            <move type="level-up">
                <name>Vine Whip</name>
                <lvl>9</lvl>
            </move>
            <move type="level-up">
                <name>Poisonpowder</name>
                <lvl>13</lvl>
            </move>
            <move type="level-up">
                <name>Sleep Powder</name>
                <lvl>13</lvl>
            </move>
            <move type="level-up">
                <name>Take Down</name>
                <lvl>15</lvl>
            </move>
            <move type="level-up">
                <name>Razor Leaf</name>
                <lvl>20</lvl>
            </move>
            <move type="level-up">
                <name>Sweet Scent</name>
                <lvl>23</lvl>
            </move>
            <move type="level-up">
                <name>Growth</name>
                <lvl>28</lvl>
            </move>
            <move type="level-up">
                <name>Double-edge</name>
                <lvl>31</lvl>
            </move>
            <move type="level-up">
                <name>Worry Seed</name>
                <lvl>36</lvl>
            </move>
            <move type="level-up">
                <name>Synthesis</name>
                <lvl>39</lvl>
            </move>
            <move type="level-up">
                <name>Solarbeam</name>
                <lvl>44</lvl>
            </move>
            <move type="TM/HM">
                <machine>TM</machine>
                <name>Toxic</name>
                <lvl>06</lvl>
            </move>
            <move type="TM/HM">
                <machine>TM</machine>
                <name>Bullet Seed</name>
                <lvl>09</lvl>
            </move>
            <move type="TM/HM">
                <machine>TM</machine>
                <name>Hidden Power</name>
                <lvl>10</lvl>
            </move>
            <move type="TM/HM">
                <machine>TM</machine>
                <name>Sunny Day</name>
                <lvl>11</lvl>
            </move>
            <move type="TM/HM">
                <machine>TM</machine>
                <name>Protect</name>
                <lvl>17</lvl>
            </move>
            <move type="TM/HM">
                <machine>TM</machine>
                <name>Giga Drain</name>
                <lvl>19</lvl>
            </move>
            <move type="TM/HM">
                <machine>TM</machine>
                <name>Frustration</name>
                <lvl>21</lvl>
            </move>
            <move type="TM/HM">
                <machine>TM</machine>
                <name>Solarbeam</name>
                <lvl>22</lvl>
            </move>
            <move type="TM/HM">
                <machine>TM</machine>
                <name>Return</name>
                <lvl>27</lvl>
            </move>
            <move type="TM/HM">
                <machine>TM</machine>
                <name>Double Team</name>
                <lvl>32</lvl>
            </move>
            <move type="TM/HM">
                <machine>TM</machine>
                <name>Sludge Bomb</name>
                <lvl>36</lvl>
            </move>
            <move type="TM/HM">
                <machine>TM</machine>
                <name>Facade</name>
                <lvl>42</lvl>
            </move>
            <move type="TM/HM">
                <machine>TM</machine>
                <name>Secret Power</name>
                <lvl>43</lvl>
            </move>
            <move type="TM/HM">
                <machine>TM</machine>
                <name>Rest</name>
                <lvl>44</lvl>
            </move>
            <move type="TM/HM">
                <machine>TM</machine>
                <name>Attract</name>
                <lvl>45</lvl>
            </move>
            <move type="TM/HM">
                <machine>TM</machine>
                <name>Energy Ball</name>
                <lvl>53</lvl>
            </move>
            <move type="TM/HM">
                <machine>TM</machine>
                <name>Endure</name>
                <lvl>58</lvl>
            </move>
            <move type="TM/HM">
                <machine>TM</machine>
                <name>Flash</name>
                <lvl>70</lvl>
            </move>
            <move type="TM/HM">
                <machine>TM</machine>
                <name>Swords Dance</name>
                <lvl>75</lvl>
            </move>
            <move type="TM/HM">
                <machine>TM</machine>
                <name>Captivate</name>
                <lvl>78</lvl>
            </move>
            <move type="TM/HM">
                <machine>TM</machine>
                <name>Sleep Talk</name>
                <lvl>82</lvl>
            </move>
            <move type="TM/HM">
                <machine>TM</machine>
                <name>Natural Gift</name>
                <lvl>83</lvl>
            </move>
            <move type="TM/HM">
                <machine>TM</machine>
                <name>Grass Knot</name>
                <lvl>86</lvl>
            </move>
            <move type="TM/HM">
                <machine>TM</machine>
                <name>Swagger</name>
                <lvl>87</lvl>
            </move>
            <move type="TM/HM">
                <machine>TM</machine>
                <name>Substitute</name>
                <lvl>90</lvl>
            </move>
            <move type="TM/HM">
                <machine>HM</machine>
                <name>Cut</name>
                <lvl>1</lvl>
            </move>
            <move type="TM/HM">
                <machine>HM</machine>
                <name>Strength</name>
                <lvl>4</lvl>
            </move>
            <move type="TM/HM">
                <machine>HM</machine>
                <name>Rock Smash</name>
                <lvl>6</lvl>
            </move>
        </moves>
    </pokemon>
    <pokemon id="3">
        <name>VENUSAUR</name>
        <type>Grass</type>
        <type>Poison</type>
        <ability>Overgrow</ability>
        <exp>1059860</exp>
        <stats>
            <HP>80</HP>
            <ATK>82</ATK>
            <DEF>83</DEF>
            <SPD>80</SPD>
            <SAT>100</SAT>
            <SDF>100</SDF>
        </stats>
        <evolutions>
            <evolution id="1">
                <name>Bulbasaur</name>
            </evolution>
            <evolution id="2">
                <name>Ivysaur</name>
                <lvl>16</lvl>
            </evolution>
            <evolution id="3">
                <name>Venusaur</name>
                <lvl>32</lvl>
            </evolution>
        </evolutions>
        <ratio>
            <male>87.5</male>
            <female>12.5</female>
        </ratio>
        <egg-group>Monster</egg-group>
        <egg-group>Grass</egg-group>
        <species>Seed Pokemon</species>
        <height>2</height>
        <weight>100</weight>
        <description>After a rainy day, the flower on its back smells stronger. The scent attracts other Pokemon.</description>
        <moves>
            <move type="level-up">
                <name>Tackle</name>
                <lvl>1</lvl>
            </move>
            <move type="level-up">
                <name>Growl</name>
                <lvl>1</lvl>
            </move>
            <move type="level-up">
                <name>Leech Seed</name>
                <lvl>1</lvl>
            </move>
            <move type="level-up">
                <name>Vine Whip</name>
                <lvl>1</lvl>
            </move>
            <move type="level-up">
                <name>Growl</name>
                <lvl>3</lvl>
            </move>
            <move type="level-up">
                <name>Leech Seed</name>
                <lvl>7</lvl>
            </move>
            <move type="level-up">
                <name>Vine Whip</name>
                <lvl>9</lvl>
            </move>
            <move type="level-up">
                <name>Poisonpowder</name>
                <lvl>13</lvl>
            </move>
            <move type="level-up">
                <name>Sleep Powder</name>
                <lvl>13</lvl>
            </move>
            <move type="level-up">
                <name>Take Down</name>
                <lvl>15</lvl>
            </move>
            <move type="level-up">
                <name>Razor Leaf</name>
                <lvl>20</lvl>
            </move>
            <move type="level-up">
                <name>Sweet Scent</name>
                <lvl>23</lvl>
            </move>
            <move type="level-up">
                <name>Growth</name>
                <lvl>28</lvl>
            </move>
            <move type="level-up">
                <name>Double-edge</name>
                <lvl>31</lvl>
            </move>
            <move type="level-up">
                <name>Petal Dance</name>
                <lvl>32</lvl>
            </move>
            <move type="level-up">
                <name>Worry Seed</name>
                <lvl>39</lvl>
            </move>
            <move type="level-up">
                <name>Synthesis</name>
                <lvl>45</lvl>
            </move>
            <move type="level-up">
                <name>Solarbeam</name>
                <lvl>53</lvl>
            </move>
            <move type="TM/HM">
                <machine>TM</machine>
                <name>Roar</name>
                <lvl>05</lvl>
            </move>
            <move type="TM/HM">
                <machine>TM</machine>
                <name>Toxic</name>
                <lvl>06</lvl>
            </move>
            <move type="TM/HM">
                <machine>TM</machine>
                <name>Bullet Seed</name>
                <lvl>09</lvl>
            </move>
            <move type="TM/HM">
                <machine>TM</machine>
                <name>Hidden Power</name>
                <lvl>10</lvl>
            </move>
            <move type="TM/HM">
                <machine>TM</machine>
                <name>Sunny Day</name>
                <lvl>11</lvl>
            </move>
            <move type="TM/HM">
                <machine>TM</machine>
                <name>Hyper Beam</name>
                <lvl>15</lvl>
            </move>
            <move type="TM/HM">
                <machine>TM</machine>
                <name>Protect</name>
                <lvl>17</lvl>
            </move>
            <move type="TM/HM">
                <machine>TM</machine>
                <name>Giga Drain</name>
                <lvl>19</lvl>
            </move>
            <move type="TM/HM">
                <machine>TM</machine>
                <name>Frustration</name>
                <lvl>21</lvl>
            </move>
            <move type="TM/HM">
                <machine>TM</machine>
                <name>Solarbeam</name>
                <lvl>22</lvl>
            </move>
            <move type="TM/HM">
                <machine>TM</machine>
                <name>Earthquake</name>
                <lvl>26</lvl>
            </move>
            <move type="TM/HM">
                <machine>TM</machine>
                <name>Return</name>
                <lvl>27</lvl>
            </move>
            <move type="TM/HM">
                <machine>TM</machine>
                <name>Double Team</name>
                <lvl>32</lvl>
            </move>
            <move type="TM/HM">
                <machine>TM</machine>
                <name>Sludge Bomb</name>
                <lvl>36</lvl>
            </move>
            <move type="TM/HM">
                <machine>TM</machine>
                <name>Facade</name>
                <lvl>42</lvl>
            </move>
            <move type="TM/HM">
                <machine>TM</machine>
                <name>Secret Power</name>
                <lvl>43</lvl>
            </move>
            <move type="TM/HM">
                <machine>TM</machine>
                <name>Rest</name>
                <lvl>44</lvl>
            </move>
            <move type="TM/HM">
                <machine>TM</machine>
                <name>Attract</name>
                <lvl>45</lvl>
            </move>
            <move type="TM/HM">
                <machine>TM</machine>
                <name>Energy Ball</name>
                <lvl>53</lvl>
            </move>
            <move type="TM/HM">
                <machine>TM</machine>
                <name>Endure</name>
                <lvl>58</lvl>
            </move>
            <move type="TM/HM">
                <machine>TM</machine>
                <name>Giga Impact</name>
                <lvl>68</lvl>
            </move>
            <move type="TM/HM">
                <machine>TM</machine>
                <name>Flash</name>
                <lvl>70</lvl>
            </move>
            <move type="TM/HM">
                <machine>TM</machine>
                <name>Swords Dance</name>
                <lvl>75</lvl>
            </move>
            <move type="TM/HM">
                <machine>TM</machine>
                <name>Captivate</name>
                <lvl>78</lvl>
            </move>
            <move type="TM/HM">
                <machine>TM</machine>
                <name>Sleep Talk</name>
                <lvl>82</lvl>
            </move>
            <move type="TM/HM">
                <machine>TM</machine>
                <name>Natural Gift</name>
                <lvl>83</lvl>
            </move>
            <move type="TM/HM">
                <machine>TM</machine>
                <name>Grass Knot</name>
                <lvl>86</lvl>
            </move>
            <move type="TM/HM">
                <machine>TM</machine>
                <name>Swagger</name>
                <lvl>87</lvl>
            </move>
            <move type="TM/HM">
                <machine>TM</machine>
                <name>Substitute</name>
                <lvl>90</lvl>
            </move>
            <move type="TM/HM">
                <machine>HM</machine>
                <name>Cut</name>
                <lvl>1</lvl>
            </move>
            <move type="TM/HM">
                <machine>HM</machine>
                <name>Strength</name>
                <lvl>4</lvl>
            </move>
            <move type="TM/HM">
                <machine>HM</machine>
                <name>Rock Smash</name>
                <lvl>6</lvl>
            </move>
            <move type="TM/HM">
                <machine>HM</machine>
                <name>Rock Climb</name>
                <lvl>8</lvl>
            </move>
        </moves>
    </pokemon>
    <pokemon id="4">
        <name>CHARMANDER</name>
        <type>Fire</type>
        <ability>Blaze</ability>
        <exp>1059860</exp>
        <stats>
            <HP>39</HP>
            <ATK>52</ATK>
            <DEF>43</DEF>
            <SPD>65</SPD>
            <SAT>60</SAT>
            <SDF>50</SDF>
        </stats>
        <evolutions>
            <evolution id="4">
                <name>Charmander</name>
            </evolution>
            <evolution id="5">
                <name>Charmeleon</name>
                <lvl>16</lvl>
            </evolution>
            <evolution id="6">
                <name>Charizard</name>
                <lvl>36</lvl>
            </evolution>
        </evolutions>
        <ratio>
            <male>87.5</male>
            <female>12.5</female>
        </ratio>
        <egg-group>Monster</egg-group>
        <egg-group>Dragon</egg-group>
        <species>Lizard Pokemon</species>
        <height>0.6</height>
        <weight>8.5</weight>
        <description>The fire on the tip of its tail is a measure of its life. If healthy, its tail burns intensely.</description>
        <moves>
            <move type="level-up">
                <name>Scratch</name>
                <lvl>1</lvl>
            </move>
            <move type="level-up">
                <name>Growl</name>
                <lvl>1</lvl>
            </move>
            <move type="level-up">
                <name>Ember</name>
                <lvl>7</lvl>
            </move>
            <move type="level-up">
                <name>Smokescreen</name>
                <lvl>10</lvl>
            </move>
            <move type="level-up">
                <name>Dragon Rage</name>
                <lvl>16</lvl>
            </move>
            <move type="level-up">
                <name>Scary Face</name>
                <lvl>19</lvl>
            </move>
            <move type="level-up">
                <name>Fire Fang</name>
                <lvl>25</lvl>
            </move>
            <move type="level-up">
                <name>Slash</name>
                <lvl>28</lvl>
            </move>
            <move type="level-up">
                <name>Flamethrower</name>
                <lvl>34</lvl>
            </move>
            <move type="level-up">
                <name>Fire Spin</name>
                <lvl>37</lvl>
            </move>
            <move type="TM/HM">
                <machine>TM</machine>
                <name>Focus Punch</name>
                <lvl>01</lvl>
            </move>
            <move type="TM/HM">
                <machine>TM</machine>
                <name>Dragon Claw</name>
                <lvl>02</lvl>
            </move>
            <move type="TM/HM">
                <machine>TM</machine>
                <name>Toxic</name>
                <lvl>06</lvl>
            </move>
            <move type="TM/HM">
                <machine>TM</machine>
                <name>Hidden Power</name>
                <lvl>10</lvl>
            </move>
            <move type="TM/HM">
                <machine>TM</machine>
                <name>Sunny Day</name>
                <lvl>11</lvl>
            </move>
            <move type="TM/HM">
                <machine>TM</machine>
                <name>Protect</name>
                <lvl>17</lvl>
            </move>
            <move type="TM/HM">
                <machine>TM</machine>
                <name>Frustration</name>
                <lvl>21</lvl>
            </move>
            <move type="TM/HM">
                <machine>TM</machine>
                <name>Iron Tail</name>
                <lvl>23</lvl>
            </move>
            <move type="TM/HM">
                <machine>TM</machine>
                <name>Return</name>
                <lvl>27</lvl>
            </move>
            <move type="TM/HM">
                <machine>TM</machine>
                <name>Dig</name>
                <lvl>28</lvl>
            </move>
            <move type="TM/HM">
                <machine>TM</machine>
                <name>Brick Break</name>
                <lvl>31</lvl>
            </move>
            <move type="TM/HM">
                <machine>TM</machine>
                <name>Double Team</name>
                <lvl>32</lvl>
            </move>
            <move type="TM/HM">
                <machine>TM</machine>
                <name>Flamethrower</name>
                <lvl>35</lvl>
            </move>
            <move type="TM/HM">
                <machine>TM</machine>
                <name>Fire Blast</name>
                <lvl>38</lvl>
            </move>
            <move type="TM/HM">
                <machine>TM</machine>
                <name>Rock Tomb</name>
                <lvl>39</lvl>
            </move>
            <move type="TM/HM">
                <machine>TM</machine>
                <name>Aerial Ace</name>
                <lvl>40</lvl>
            </move>
            <move type="TM/HM">
                <machine>TM</machine>
                <name>Facade</name>
                <lvl>42</lvl>
            </move>
            <move type="TM/HM">
                <machine>TM</machine>
                <name>Secret Power</name>
                <lvl>43</lvl>
            </move>
            <move type="TM/HM">
                <machine>TM</machine>
                <name>Rest</name>
                <lvl>44</lvl>
            </move>
            <move type="TM/HM">
                <machine>TM</machine>
                <name>Attract</name>
                <lvl>45</lvl>
            </move>
            <move type="TM/HM">
                <machine>TM</machine>
                <name>Overheat</name>
                <lvl>50</lvl>
            </move>
            <move type="TM/HM">
                <machine>TM</machine>
                <name>Fling</name>
                <lvl>56</lvl>
            </move>
            <move type="TM/HM">
                <machine>TM</machine>
                <name>Endure</name>
                <lvl>58</lvl>
            </move>
            <move type="TM/HM">
                <machine>TM</machine>
                <name>Will-o-wisp</name>
                <lvl>61</lvl>
            </move>
            <move type="TM/HM">
                <machine>TM</machine>
                <name>Shadow Claw</name>
                <lvl>65</lvl>
            </move>
            <move type="TM/HM">
                <machine>TM</machine>
                <name>Swords Dance</name>
                <lvl>75</lvl>
            </move>
            <move type="TM/HM">
                <machine>TM</machine>
                <name>Captivate</name>
                <lvl>78</lvl>
            </move>
            <move type="TM/HM">
                <machine>TM</machine>
                <name>Rock Slide</name>
                <lvl>80</lvl>
            </move>
            <move type="TM/HM">
                <machine>TM</machine>
                <name>Sleep Talk</name>
                <lvl>82</lvl>
            </move>
            <move type="TM/HM">
                <machine>TM</machine>
                <name>Natural Gift</name>
                <lvl>83</lvl>
            </move>
            <move type="TM/HM">
                <machine>TM</machine>
                <name>Swagger</name>
                <lvl>87</lvl>
            </move>
            <move type="TM/HM">
                <machine>TM</machine>
                <name>Substitute</name>
                <lvl>90</lvl>
            </move>
            <move type="TM/HM">
                <machine>HM</machine>
                <name>Cut</name>
                <lvl>1</lvl>
            </move>
            <move type="TM/HM">
                <machine>HM</machine>
                <name>Strength</name>
                <lvl>4</lvl>
            </move>
            <move type="TM/HM">
                <machine>HM</machine>
                <name>Rock Smash</name>
                <lvl>6</lvl>
            </move>
            <move type="egg">
                <name>Ancientpower</name>
            </move>
            <move type="egg">
                <name>Beat Up</name>
            </move>
            <move type="egg">
                <name>Belly Drum</name>
            </move>
            <move type="egg">
                <name>Bite</name>
            </move>
            <move type="egg">
                <name>Crunch</name>
            </move>
            <move type="egg">
                <name>Dragon Dance</name>
            </move>
            <move type="egg">
                <name>Dragon Rush</name>
            </move>
            <move type="egg">
                <name>Flare Blitz</name>
            </move>
            <move type="egg">
                <name>Metal Claw</name>
            </move>
            <move type="egg">
                <name>Outrage</name>
            </move>
            <move type="egg">
                <name>Rock Slide</name>
            </move>
            <move type="egg">
                <name>Swords Dance</name>
            </move>
        </moves>
    </pokemon>
    <pokemon id="5">
        <name>CHARMELEON</name>
        <type>Fire</type>
        <ability>Blaze</ability>
        <exp>1059860</exp>
        <stats>
            <HP>58</HP>
            <ATK>64</ATK>
            <DEF>58</DEF>
            <SPD>80</SPD>
            <SAT>80</SAT>
            <SDF>65</SDF>
        </stats>
        <evolutions>
            <evolution id="4">
                <name>Charmander</name>
            </evolution>
            <evolution id="5">
                <name>Charmeleon</name>
                <lvl>16</lvl>
            </evolution>
            <evolution id="6">
                <name>Charizard</name>
                <lvl>36</lvl>
            </evolution>
        </evolutions>
        <ratio>
            <male>87.5</male>
            <female>12.5</female>
        </ratio>
        <egg-group>Monster</egg-group>
        <egg-group>Dragon</egg-group>
        <species>Flame Pokemon</species>
        <height>1.1</height>
        <weight>19</weight>
        <description>In the rocky mountains where CHARMELEON live, their fiery tails shine at night like stars.</description>
        <moves>
            <move type="level-up">
                <name>Scratch</name>
                <lvl>1</lvl>
            </move>
            <move type="level-up">
                <name>Growl</name>
                <lvl>1</lvl>
            </move>
            <move type="level-up">
                <name>Ember</name>
                <lvl>1</lvl>
            </move>
            <move type="level-up">
                <name>Ember</name>
                <lvl>7</lvl>
            </move>
            <move type="level-up">
                <name>Smokescreen</name>
                <lvl>10</lvl>
            </move>
            <move type="level-up">
                <name>Dragon Rage</name>
                <lvl>17</lvl>
            </move>
            <move type="level-up">
                <name>Scary Face</name>
                <lvl>21</lvl>
            </move>
            <move type="level-up">
                <name>Fire Fang</name>
                <lvl>28</lvl>
            </move>
            <move type="level-up">
                <name>Slash</name>
                <lvl>32</lvl>
            </move>
            <move type="level-up">
                <name>Flamethrower</name>
                <lvl>39</lvl>
            </move>
            <move type="level-up">
                <name>Fire Spin</name>
                <lvl>43</lvl>
            </move>
            <move type="TM/HM">
                <machine>TM</machine>
                <name>Focus Punch</name>
                <lvl>01</lvl>
            </move>
            <move type="TM/HM">
                <machine>TM</machine>
                <name>Dragon Claw</name>
                <lvl>02</lvl>
            </move>
            <move type="TM/HM">
                <machine>TM</machine>
                <name>Toxic</name>
                <lvl>06</lvl>
            </move>
            <move type="TM/HM">
                <machine>TM</machine>
                <name>Hidden Power</name>
                <lvl>10</lvl>
            </move>
            <move type="TM/HM">
                <machine>TM</machine>
                <name>Sunny Day</name>
                <lvl>11</lvl>
            </move>
            <move type="TM/HM">
                <machine>TM</machine>
                <name>Protect</name>
                <lvl>17</lvl>
            </move>
            <move type="TM/HM">
                <machine>TM</machine>
                <name>Frustration</name>
                <lvl>21</lvl>
            </move>
            <move type="TM/HM">
                <machine>TM</machine>
                <name>Iron Tail</name>
                <lvl>23</lvl>
            </move>
            <move type="TM/HM">
                <machine>TM</machine>
                <name>Return</name>
                <lvl>27</lvl>
            </move>
            <move type="TM/HM">
                <machine>TM</machine>
                <name>Dig</name>
                <lvl>28</lvl>
            </move>
            <move type="TM/HM">
                <machine>TM</machine>
                <name>Brick Break</name>
                <lvl>31</lvl>
            </move>
            <move type="TM/HM">
                <machine>TM</machine>
                <name>Double Team</name>
                <lvl>32</lvl>
            </move>
            <move type="TM/HM">
                <machine>TM</machine>
                <name>Flamethrower</name>
                <lvl>35</lvl>
            </move>
            <move type="TM/HM">
                <machine>TM</machine>
                <name>Fire Blast</name>
                <lvl>38</lvl>
            </move>
            <move type="TM/HM">
                <machine>TM</machine>
                <name>Rock Tomb</name>
                <lvl>39</lvl>
            </move>
            <move type="TM/HM">
                <machine>TM</machine>
                <name>Aerial Ace</name>
                <lvl>40</lvl>
            </move>
            <move type="TM/HM">
                <machine>TM</machine>
                <name>Facade</name>
                <lvl>42</lvl>
            </move>
            <move type="TM/HM">
                <machine>TM</machine>
                <name>Secret Power</name>
                <lvl>43</lvl>
            </move>
            <move type="TM/HM">
                <machine>TM</machine>
                <name>Rest</name>
                <lvl>44</lvl>
            </move>
            <move type="TM/HM">
                <machine>TM</machine>
                <name>Attract</name>
                <lvl>45</lvl>
            </move>
            <move type="TM/HM">
                <machine>TM</machine>
                <name>Overheat</name>
                <lvl>50</lvl>
            </move>
            <move type="TM/HM">
                <machine>TM</machine>
                <name>Fling</name>
                <lvl>56</lvl>
            </move>
            <move type="TM/HM">
                <machine>TM</machine>
                <name>Endure</name>
                <lvl>58</lvl>
            </move>
            <move type="TM/HM">
                <machine>TM</machine>
                <name>Will-o-wisp</name>
                <lvl>61</lvl>
            </move>
            <move type="TM/HM">
                <machine>TM</machine>
                <name>Shadow Claw</name>
                <lvl>65</lvl>
            </move>
            <move type="TM/HM">
                <machine>TM</machine>
                <name>Swords Dance</name>
                <lvl>75</lvl>
            </move>
            <move type="TM/HM">
                <machine>TM</machine>
                <name>Captivate</name>
                <lvl>78</lvl>
            </move>
            <move type="TM/HM">
                <machine>TM</machine>
                <name>Rock Slide</name>
                <lvl>80</lvl>
            </move>
            <move type="TM/HM">
                <machine>TM</machine>
                <name>Sleep Talk</name>
                <lvl>82</lvl>
            </move>
            <move type="TM/HM">
                <machine>TM</machine>
                <name>Natural Gift</name>
                <lvl>83</lvl>
            </move>
            <move type="TM/HM">
                <machine>TM</machine>
                <name>Swagger</name>
                <lvl>87</lvl>
            </move>
            <move type="TM/HM">
                <machine>TM</machine>
                <name>Substitute</name>
                <lvl>90</lvl>
            </move>
            <move type="TM/HM">
                <machine>HM</machine>
                <name>Cut</name>
                <lvl>1</lvl>
            </move>
            <move type="TM/HM">
                <machine>HM</machine>
                <name>Strength</name>
                <lvl>4</lvl>
            </move>
            <move type="TM/HM">
                <machine>HM</machine>
                <name>Rock Smash</name>
                <lvl>6</lvl>
            </move>
        </moves>
    </pokemon>
    <pokemon id="6">
        <name>CHARIZARD</name>
        <type>Fire</type>
        <type>Flying</type>
        <ability>Blaze</ability>
        <exp>1059860</exp>
        <stats>
            <HP>78</HP>
            <ATK>84</ATK>
            <DEF>78</DEF>
            <SPD>100</SPD>
            <SAT>109</SAT>
            <SDF>85</SDF>
        </stats>
        <evolutions>
            <evolution id="4">
                <name>Charmander</name>
            </evolution>
            <evolution id="5">
                <name>Charmeleon</name>
                <lvl>16</lvl>
            </evolution>
            <evolution id="6">
                <name>Charizard</name>
                <lvl>36</lvl>
            </evolution>
        </evolutions>
        <ratio>
            <male>87.5</male>
            <female>12.5</female>
        </ratio>
        <egg-group>Monster</egg-group>
        <egg-group>Dragon</egg-group>
        <species>Flame Pokemon</species>
        <height>1.7</height>
        <weight>90.5</weight>
        <description>It is said that CHARIZARD's fire burns hotter if it has experienced harsh battles.</description>
        <moves>
            <move type="level-up">
                <name>Dragon Claw</name>
                <lvl>1</lvl>
            </move>
            <move type="level-up">
                <name>Shadow Claw</name>
                <lvl>1</lvl>
            </move>
            <move type="level-up">
                <name>Air Slash</name>
                <lvl>1</lvl>
            </move>
            <move type="level-up">
                <name>Scratch</name>
                <lvl>1</lvl>
            </move>
            <move type="level-up">
                <name>Growl</name>
                <lvl>1</lvl>
            </move>
            <move type="level-up">
                <name>Ember</name>
                <lvl>1</lvl>
            </move>
            <move type="level-up">
                <name>Smokescreen</name>
                <lvl>1</lvl>
            </move>
            <move type="level-up">
                <name>Ember</name>
                <lvl>7</lvl>
            </move>
            <move type="level-up">
                <name>Smokescreen</name>
                <lvl>10</lvl>
            </move>
            <move type="level-up">
                <name>Dragon Rage</name>
                <lvl>17</lvl>
            </move>
            <move type="level-up">
                <name>Scary Face</name>
                <lvl>21</lvl>
            </move>
            <move type="level-up">
                <name>Fire Fang</name>
                <lvl>28</lvl>
            </move>
            <move type="level-up">
                <name>Slash</name>
                <lvl>32</lvl>
            </move>
            <move type="level-up">
                <name>Wing Attack</name>
                <lvl>36</lvl>
            </move>
            <move type="level-up">
                <name>Flamethrower</name>
                <lvl>42</lvl>
            </move>
            <move type="level-up">
                <name>Fire Spin</name>
                <lvl>49</lvl>
            </move>
            <move type="level-up">
                <name>Heat Wave</name>
                <lvl>59</lvl>
            </move>
            <move type="level-up">
                <name>Flare Blitz</name>
                <lvl>66</lvl>
            </move>
            <move type="TM/HM">
                <machine>TM</machine>
                <name>Focus Punch</name>
                <lvl>01</lvl>
            </move>
            <move type="TM/HM">
                <machine>TM</machine>
                <name>Dragon Claw</name>
                <lvl>02</lvl>
            </move>
            <move type="TM/HM">
                <machine>TM</machine>
                <name>Roar</name>
                <lvl>05</lvl>
            </move>
            <move type="TM/HM">
                <machine>TM</machine>
                <name>Toxic</name>
                <lvl>06</lvl>
            </move>
            <move type="TM/HM">
                <machine>TM</machine>
                <name>Hidden Power</name>
                <lvl>10</lvl>
            </move>
            <move type="TM/HM">
                <machine>TM</machine>
                <name>Sunny Day</name>
                <lvl>11</lvl>
            </move>
            <move type="TM/HM">
                <machine>TM</machine>
                <name>Hyper Beam</name>
                <lvl>15</lvl>
            </move>
            <move type="TM/HM">
                <machine>TM</machine>
                <name>Protect</name>
                <lvl>17</lvl>
            </move>
            <move type="TM/HM">
                <machine>TM</machine>
                <name>Frustration</name>
                <lvl>21</lvl>
            </move>
            <move type="TM/HM">
                <machine>TM</machine>
                <name>Solarbeam</name>
                <lvl>22</lvl>
            </move>
            <move type="TM/HM">
                <machine>TM</machine>
                <name>Iron Tail</name>
                <lvl>23</lvl>
            </move>
            <move type="TM/HM">
                <machine>TM</machine>
                <name>Earthquake</name>
                <lvl>26</lvl>
            </move>
            <move type="TM/HM">
                <machine>TM</machine>
                <name>Return</name>
                <lvl>27</lvl>
            </move>
            <move type="TM/HM">
                <machine>TM</machine>
                <name>Dig</name>
                <lvl>28</lvl>
            </move>
            <move type="TM/HM">
                <machine>TM</machine>
                <name>Brick Break</name>
                <lvl>31</lvl>
            </move>
            <move type="TM/HM">
                <machine>TM</machine>
                <name>Double Team</name>
                <lvl>32</lvl>
            </move>
            <move type="TM/HM">
                <machine>TM</machine>
                <name>Flamethrower</name>
                <lvl>35</lvl>
            </move>
            <move type="TM/HM">
                <machine>TM</machine>
                <name>Fire Blast</name>
                <lvl>38</lvl>
            </move>
            <move type="TM/HM">
                <machine>TM</machine>
                <name>Rock Tomb</name>
                <lvl>39</lvl>
            </move>
            <move type="TM/HM">
                <machine>TM</machine>
                <name>Aerial Ace</name>
                <lvl>40</lvl>
            </move>
            <move type="TM/HM">
                <machine>TM</machine>
                <name>Facade</name>
                <lvl>42</lvl>
            </move>
            <move type="TM/HM">
                <machine>TM</machine>
                <name>Secret Power</name>
                <lvl>43</lvl>
            </move>
            <move type="TM/HM">
                <machine>TM</machine>
                <name>Rest</name>
                <lvl>44</lvl>
            </move>
            <move type="TM/HM">
                <machine>TM</machine>
                <name>Attract</name>
                <lvl>45</lvl>
            </move>
            <move type="TM/HM">
                <machine>TM</machine>
                <name>Steel Wing</name>
                <lvl>47</lvl>
            </move>
            <move type="TM/HM">
                <machine>TM</machine>
                <name>Overheat</name>
                <lvl>50</lvl>
            </move>
            <move type="TM/HM">
                <machine>TM</machine>
                <name>Roost</name>
                <lvl>51</lvl>
            </move>
            <move type="TM/HM">
                <machine>TM</machine>
                <name>Focus Blast</name>
                <lvl>52</lvl>
            </move>
            <move type="TM/HM">
                <machine>TM</machine>
                <name>Fling</name>
                <lvl>56</lvl>
            </move>
            <move type="TM/HM">
                <machine>TM</machine>
                <name>Endure</name>
                <lvl>58</lvl>
            </move>
            <move type="TM/HM">
                <machine>TM</machine>
                <name>Dragon Pulse</name>
                <lvl>59</lvl>
            </move>
            <move type="TM/HM">
                <machine>TM</machine>
                <name>Will-o-wisp</name>
                <lvl>61</lvl>
            </move>
            <move type="TM/HM">
                <machine>TM</machine>
                <name>Shadow Claw</name>
                <lvl>65</lvl>
            </move>
            <move type="TM/HM">
                <machine>TM</machine>
                <name>Giga Impact</name>
                <lvl>68</lvl>
            </move>
            <move type="TM/HM">
                <machine>TM</machine>
                <name>Swords Dance</name>
                <lvl>75</lvl>
            </move>
            <move type="TM/HM">
                <machine>TM</machine>
                <name>Captivate</name>
                <lvl>78</lvl>
            </move>
            <move type="TM/HM">
                <machine>TM</machine>
                <name>Rock Slide</name>
                <lvl>80</lvl>
            </move>
            <move type="TM/HM">
                <machine>TM</machine>
                <name>Sleep Talk</name>
                <lvl>82</lvl>
            </move>
            <move type="TM/HM">
                <machine>TM</machine>
                <name>Natural Gift</name>
                <lvl>83</lvl>
            </move>
            <move type="TM/HM">
                <machine>TM</machine>
                <name>Swagger</name>
                <lvl>87</lvl>
            </move>
            <move type="TM/HM">
                <machine>TM</machine>
                <name>Substitute</name>
                <lvl>90</lvl>
            </move>
            <move type="TM/HM">
                <machine>HM</machine>
                <name>Cut</name>
                <lvl>1</lvl>
            </move>
            <move type="TM/HM">
                <machine>HM</machine>
                <name>Fly</name>
                <lvl>2</lvl>
            </move>
            <move type="TM/HM">
                <machine>HM</machine>
                <name>Strength</name>
                <lvl>4</lvl>
            </move>
            <move type="TM/HM">
                <machine>HM</machine>
                <name>Defog</name>
                <lvl>5</lvl>
            </move>
            <move type="TM/HM">
                <machine>HM</machine>
                <name>Rock Smash</name>
                <lvl>6</lvl>
            </move>
        </moves>
    </pokemon>
    <pokemon id="7">
        <name>SQUIRTLE</name>
        <type>Water</type>
        <ability>Torrent</ability>
        <exp>1059860</exp>
        <stats>
            <HP>44</HP>
            <ATK>48</ATK>
            <DEF>65</DEF>
            <SPD>43</SPD>
            <SAT>50</SAT>
            <SDF>64</SDF>
        </stats>
        <evolutions>
            <evolution id="7">
                <name>Squirtle</name>
            </evolution>
            <evolution id="8">
                <name>Wartortle</name>
                <lvl>16</lvl>
            </evolution>
            <evolution id="9">
                <name>Blastoise</name>
                <lvl>36</lvl>
            </evolution>
        </evolutions>
        <ratio>
            <male>87.5</male>
            <female>12.5</female>
        </ratio>
        <egg-group>Monster</egg-group>
        <egg-group>Water</egg-group>
        <species>Tiny Turtle Pokemon</species>
        <height>0.5</height>
        <weight>9</weight>
        <description>It shelters itself in its shell, then strikes back with spouts of water at every opportunity.</description>
        <moves>
            <move type="level-up">
                <name>Tackle</name>
                <lvl>1</lvl>
            </move>
            <move type="level-up">
                <name>Tail Whip</name>
                <lvl>4</lvl>
            </move>
            <move type="level-up">
                <name>Bubble</name>
                <lvl>7</lvl>
            </move>
            <move type="level-up">
                <name>Withdraw</name>
                <lvl>10</lvl>
            </move>
            <move type="level-up">
                <name>Water Gun</name>
                <lvl>13</lvl>
            </move>
            <move type="level-up">
                <name>Bite</name>
                <lvl>16</lvl>
            </move>
            <move type="level-up">
                <name>Rapid Spin</name>
                <lvl>19</lvl>
            </move>
            <move type="level-up">
                <name>Protect</name>
                <lvl>22</lvl>
            </move>
            <move type="level-up">
                <name>Water Pulse</name>
                <lvl>25</lvl>
            </move>
            <move type="level-up">
                <name>Aqua Tail</name>
                <lvl>28</lvl>
            </move>
            <move type="level-up">
                <name>Skull Bash</name>
                <lvl>31</lvl>
            </move>
            <move type="level-up">
                <name>Rain Dance</name>
                <lvl>34</lvl>
            </move>
            <move type="level-up">
                <name>Hydro Pump</name>
                <lvl>37</lvl>
            </move>
            <move type="TM/HM">
                <machine>TM</machine>
                <name>Focus Punch</name>
                <lvl>01</lvl>
            </move>
            <move type="TM/HM">
                <machine>TM</machine>
                <name>Water Pulse</name>
                <lvl>03</lvl>
            </move>
            <move type="TM/HM">
                <machine>TM</machine>
                <name>Toxic</name>
                <lvl>06</lvl>
            </move>
            <move type="TM/HM">
                <machine>TM</machine>
                <name>Hail</name>
                <lvl>07</lvl>
            </move>
            <move type="TM/HM">
                <machine>TM</machine>
                <name>Hidden Power</name>
                <lvl>10</lvl>
            </move>
            <move type="TM/HM">
                <machine>TM</machine>
                <name>Ice Beam</name>
                <lvl>13</lvl>
            </move>
            <move type="TM/HM">
                <machine>TM</machine>
                <name>Blizzard</name>
                <lvl>14</lvl>
            </move>
            <move type="TM/HM">
                <machine>TM</machine>
                <name>Protect</name>
                <lvl>17</lvl>
            </move>
            <move type="TM/HM">
                <machine>TM</machine>
                <name>Rain Dance</name>
                <lvl>18</lvl>
            </move>
            <move type="TM/HM">
                <machine>TM</machine>
                <name>Frustration</name>
                <lvl>21</lvl>
            </move>
            <move type="TM/HM">
                <machine>TM</machine>
                <name>Iron Tail</name>
                <lvl>23</lvl>
            </move>
            <move type="TM/HM">
                <machine>TM</machine>
                <name>Return</name>
                <lvl>27</lvl>
            </move>
            <move type="TM/HM">
                <machine>TM</machine>
                <name>Dig</name>
                <lvl>28</lvl>
            </move>
            <move type="TM/HM">
                <machine>TM</machine>
                <name>Brick Break</name>
                <lvl>31</lvl>
            </move>
            <move type="TM/HM">
                <machine>TM</machine>
                <name>Double Team</name>
                <lvl>32</lvl>
            </move>
            <move type="TM/HM">
                <machine>TM</machine>
                <name>Rock Tomb</name>
                <lvl>39</lvl>
            </move>
            <move type="TM/HM">
                <machine>TM</machine>
                <name>Facade</name>
                <lvl>42</lvl>
            </move>
            <move type="TM/HM">
                <machine>TM</machine>
                <name>Secret Power</name>
                <lvl>43</lvl>
            </move>
            <move type="TM/HM">
                <machine>TM</machine>
                <name>Rest</name>
                <lvl>44</lvl>
            </move>
            <move type="TM/HM">
                <machine>TM</machine>
                <name>Attract</name>
                <lvl>45</lvl>
            </move>
            <move type="TM/HM">
                <machine>TM</machine>
                <name>Brine</name>
                <lvl>55</lvl>
            </move>
            <move type="TM/HM">
                <machine>TM</machine>
                <name>Fling</name>
                <lvl>56</lvl>
            </move>
            <move type="TM/HM">
                <machine>TM</machine>
                <name>Endure</name>
                <lvl>58</lvl>
            </move>
            <move type="TM/HM">
                <machine>TM</machine>
                <name>Gyro Ball</name>
                <lvl>74</lvl>
            </move>
            <move type="TM/HM">
                <machine>TM</machine>
                <name>Captivate</name>
                <lvl>78</lvl>
            </move>
            <move type="TM/HM">
                <machine>TM</machine>
                <name>Sleep Talk</name>
                <lvl>82</lvl>
            </move>
            <move type="TM/HM">
                <machine>TM</machine>
                <name>Natural Gift</name>
                <lvl>83</lvl>
            </move>
            <move type="TM/HM">
                <machine>TM</machine>
                <name>Swagger</name>
                <lvl>87</lvl>
            </move>
            <move type="TM/HM">
                <machine>TM</machine>
                <name>Substitute</name>
                <lvl>90</lvl>
            </move>
            <move type="TM/HM">
                <machine>HM</machine>
                <name>Surf</name>
                <lvl>3</lvl>
            </move>
            <move type="TM/HM">
                <machine>HM</machine>
                <name>Strength</name>
                <lvl>4</lvl>
            </move>
            <move type="TM/HM">
                <machine>HM</machine>
                <name>Rock Smash</name>
                <lvl>6</lvl>
            </move>
            <move type="TM/HM">
                <machine>HM</machine>
                <name>Waterfall</name>
                <lvl>7</lvl>
            </move>
            <move type="egg">
                <name>Aqua Jet</name>
            </move>
            <move type="egg">
                <name>Aqua Ring</name>
            </move>
            <move type="egg">
                <name>Fake Out</name>
            </move>
            <move type="egg">
                <name>Flail</name>
            </move>
            <move type="egg">
                <name>Foresight</name>
            </move>
            <move type="egg">
                <name>Haze</name>
            </move>
            <move type="egg">
                <name>Mirror Coat</name>
            </move>
            <move type="egg">
                <name>Mist</name>
            </move>
            <move type="egg">
                <name>Mud Sport</name>
            </move>
            <move type="egg">
                <name>Muddy Water</name>
            </move>
            <move type="egg">
                <name>Refresh</name>
            </move>
            <move type="egg">
                <name>Yawn</name>
            </move>
        </moves>
    </pokemon>
    <pokemon id="8">
        <name>WARTORTLE</name>
        <type>Water</type>
        <ability>Torrent</ability>
        <exp>1059860</exp>
        <stats>
            <HP>59</HP>
            <ATK>63</ATK>
            <DEF>80</DEF>
            <SPD>58</SPD>
            <SAT>65</SAT>
            <SDF>80</SDF>
        </stats>
        <evolutions>
            <evolution id="7">
                <name>Squirtle</name>
            </evolution>
            <evolution id="8">
                <name>Wartortle</name>
                <lvl>16</lvl>
            </evolution>
            <evolution id="9">
                <name>Blastoise</name>
                <lvl>36</lvl>
            </evolution>
        </evolutions>
        <ratio>
            <male>87.5</male>
            <female>12.5</female>
        </ratio>
        <egg-group>Monster</egg-group>
        <egg-group>Water</egg-group>
        <species>Turtle Pokemon</species>
        <height>1</height>
        <weight>22.5</weight>
        <description>It is said to live 10,000 years. Its furry tail is popular as a symbol of longevity.</description>
        <moves>
            <move type="level-up">
                <name>Tackle</name>
                <lvl>1</lvl>
            </move>
            <move type="level-up">
                <name>Tail Whip</name>
                <lvl>1</lvl>
            </move>
            <move type="level-up">
                <name>Bubble</name>
                <lvl>1</lvl>
            </move>
            <move type="level-up">
                <name>Tail Whip</name>
                <lvl>4</lvl>
            </move>
            <move type="level-up">
                <name>Bubble</name>
                <lvl>7</lvl>
            </move>
            <move type="level-up">
                <name>Withdraw</name>
                <lvl>10</lvl>
            </move>
            <move type="level-up">
                <name>Water Gun</name>
                <lvl>13</lvl>
            </move>
            <move type="level-up">
                <name>Bite</name>
                <lvl>16</lvl>
            </move>
            <move type="level-up">
                <name>Rapid Spin</name>
                <lvl>20</lvl>
            </move>
            <move type="level-up">
                <name>Protect</name>
                <lvl>24</lvl>
            </move>
            <move type="level-up">
                <name>Water Pulse</name>
                <lvl>28</lvl>
            </move>
            <move type="level-up">
                <name>Aqua Tail</name>
                <lvl>32</lvl>
            </move>
            <move type="level-up">
                <name>Skull Bash</name>
                <lvl>36</lvl>
            </move>
            <move type="level-up">
                <name>Rain Dance</name>
                <lvl>40</lvl>
            </move>
            <move type="level-up">
                <name>Hydro Pump</name>
                <lvl>44</lvl>
            </move>
            <move type="TM/HM">
                <machine>TM</machine>
                <name>Focus Punch</name>
                <lvl>01</lvl>
            </move>
            <move type="TM/HM">
                <machine>TM</machine>
                <name>Water Pulse</name>
                <lvl>03</lvl>
            </move>
            <move type="TM/HM">
                <machine>TM</machine>
                <name>Toxic</name>
                <lvl>06</lvl>
            </move>
            <move type="TM/HM">
                <machine>TM</machine>
                <name>Hail</name>
                <lvl>07</lvl>
            </move>
            <move type="TM/HM">
                <machine>TM</machine>
                <name>Hidden Power</name>
                <lvl>10</lvl>
            </move>
            <move type="TM/HM">
                <machine>TM</machine>
                <name>Ice Beam</name>
                <lvl>13</lvl>
            </move>
            <move type="TM/HM">
                <machine>TM</machine>
                <name>Blizzard</name>
                <lvl>14</lvl>
            </move>
            <move type="TM/HM">
                <machine>TM</machine>
                <name>Protect</name>
                <lvl>17</lvl>
            </move>
            <move type="TM/HM">
                <machine>TM</machine>
                <name>Rain Dance</name>
                <lvl>18</lvl>
            </move>
            <move type="TM/HM">
                <machine>TM</machine>
                <name>Frustration</name>
                <lvl>21</lvl>
            </move>
            <move type="TM/HM">
                <machine>TM</machine>
                <name>Iron Tail</name>
                <lvl>23</lvl>
            </move>
            <move type="TM/HM">
                <machine>TM</machine>
                <name>Return</name>
                <lvl>27</lvl>
            </move>
            <move type="TM/HM">
                <machine>TM</machine>
                <name>Dig</name>
                <lvl>28</lvl>
            </move>
            <move type="TM/HM">
                <machine>TM</machine>
                <name>Brick Break</name>
                <lvl>31</lvl>
            </move>
            <move type="TM/HM">
                <machine>TM</machine>
                <name>Double Team</name>
                <lvl>32</lvl>
            </move>
            <move type="TM/HM">
                <machine>TM</machine>
                <name>Rock Tomb</name>
                <lvl>39</lvl>
            </move>
            <move type="TM/HM">
                <machine>TM</machine>
                <name>Facade</name>
                <lvl>42</lvl>
            </move>
            <move type="TM/HM">
                <machine>TM</machine>
                <name>Secret Power</name>
                <lvl>43</lvl>
            </move>
            <move type="TM/HM">
                <machine>TM</machine>
                <name>Rest</name>
                <lvl>44</lvl>
            </move>
            <move type="TM/HM">
                <machine>TM</machine>
                <name>Attract</name>
                <lvl>45</lvl>
            </move>
            <move type="TM/HM">
                <machine>TM</machine>
                <name>Brine</name>
                <lvl>55</lvl>
            </move>
            <move type="TM/HM">
                <machine>TM</machine>
                <name>Fling</name>
                <lvl>56</lvl>
            </move>
            <move type="TM/HM">
                <machine>TM</machine>
                <name>Endure</name>
                <lvl>58</lvl>
            </move>
            <move type="TM/HM">
                <machine>TM</machine>
                <name>Gyro Ball</name>
                <lvl>74</lvl>
            </move>
            <move type="TM/HM">
                <machine>TM</machine>
                <name>Captivate</name>
                <lvl>78</lvl>
            </move>
            <move type="TM/HM">
                <machine>TM</machine>
                <name>Sleep Talk</name>
                <lvl>82</lvl>
            </move>
            <move type="TM/HM">
                <machine>TM</machine>
                <name>Natural Gift</name>
                <lvl>83</lvl>
            </move>
            <move type="TM/HM">
                <machine>TM</machine>
                <name>Swagger</name>
                <lvl>87</lvl>
            </move>
            <move type="TM/HM">
                <machine>TM</machine>
                <name>Substitute</name>
                <lvl>90</lvl>
            </move>
            <move type="TM/HM">
                <machine>HM</machine>
                <name>Surf</name>
                <lvl>3</lvl>
            </move>
            <move type="TM/HM">
                <machine>HM</machine>
                <name>Strength</name>
                <lvl>4</lvl>
            </move>
            <move type="TM/HM">
                <machine>HM</machine>
                <name>Rock Smash</name>
                <lvl>6</lvl>
            </move>
            <move type="TM/HM">
                <machine>HM</machine>
                <name>Waterfall</name>
                <lvl>7</lvl>
            </move>
        </moves>
    </pokemon>
    <pokemon id="9">
        <name>BLASTOISE</name>
        <type>Water</type>
        <ability>Torrent</ability>
        <exp>1059860</exp>
        <stats>
            <HP>79</HP>
            <ATK>83</ATK>
            <DEF>100</DEF>
            <SPD>78</SPD>
            <SAT>85</SAT>
            <SDF>105</SDF>
        </stats>
        <evolutions>
            <evolution id="7">
                <name>Squirtle</name>
            </evolution>
            <evolution id="8">
                <name>Wartortle</name>
                <lvl>16</lvl>
            </evolution>
            <evolution id="9">
                <name>Blastoise</name>
                <lvl>36</lvl>
            </evolution>
        </evolutions>
        <ratio>
            <male>87.5</male>
            <female>12.5</female>
        </ratio>
        <egg-group>Monster</egg-group>
        <egg-group>Water</egg-group>
        <species>Shellfish Pokemon</species>
        <height>1.6</height>
        <weight>85.5</weight>
        <description>The jets of water it spouts from the rocket cannons on its shell can punch through thick steel.</description>
        <moves>
            <move type="level-up">
                <name>Flash Cannon</name>
                <lvl>1</lvl>
            </move>
            <move type="level-up">
                <name>Tackle</name>
                <lvl>1</lvl>
            </move>
            <move type="level-up">
                <name>Tail Whip</name>
                <lvl>1</lvl>
            </move>
            <move type="level-up">
                <name>Bubble</name>
                <lvl>1</lvl>
            </move>
            <move type="level-up">
                <name>Withdraw</name>
                <lvl>1</lvl>
            </move>
            <move type="level-up">
                <name>Tail Whip</name>
                <lvl>4</lvl>
            </move>
            <move type="level-up">
                <name>Bubble</name>
                <lvl>7</lvl>
            </move>
            <move type="level-up">
                <name>Withdraw</name>
                <lvl>10</lvl>
            </move>
            <move type="level-up">
                <name>Water Gun</name>
                <lvl>13</lvl>
            </move>
            <move type="level-up">
                <name>Bite</name>
                <lvl>16</lvl>
            </move>
            <move type="level-up">
                <name>Rapid Spin</name>
                <lvl>20</lvl>
            </move>
            <move type="level-up">
                <name>Protect</name>
                <lvl>24</lvl>
            </move>
            <move type="level-up">
                <name>Water Pulse</name>
                <lvl>28</lvl>
            </move>
            <move type="level-up">
                <name>Aqua Tail</name>
                <lvl>32</lvl>
            </move>
            <move type="level-up">
                <name>Skull Bash</name>
                <lvl>39</lvl>
            </move>
            <move type="level-up">
                <name>Rain Dance</name>
                <lvl>46</lvl>
            </move>
            <move type="level-up">
                <name>Hydro Pump</name>
                <lvl>53</lvl>
            </move>
            <move type="TM/HM">
                <machine>TM</machine>
                <name>Focus Punch</name>
                <lvl>01</lvl>
            </move>
            <move type="TM/HM">
                <machine>TM</machine>
                <name>Water Pulse</name>
                <lvl>03</lvl>
            </move>
            <move type="TM/HM">
                <machine>TM</machine>
                <name>Roar</name>
                <lvl>05</lvl>
            </move>
            <move type="TM/HM">
                <machine>TM</machine>
                <name>Toxic</name>
                <lvl>06</lvl>
            </move>
            <move type="TM/HM">
                <machine>TM</machine>
                <name>Hail</name>
                <lvl>07</lvl>
            </move>
            <move type="TM/HM">
                <machine>TM</machine>
                <name>Hidden Power</name>
                <lvl>10</lvl>
            </move>
            <move type="TM/HM">
                <machine>TM</machine>
                <name>Ice Beam</name>
                <lvl>13</lvl>
            </move>
            <move type="TM/HM">
                <machine>TM</machine>
                <name>Blizzard</name>
                <lvl>14</lvl>
            </move>
            <move type="TM/HM">
                <machine>TM</machine>
                <name>Hyper Beam</name>
                <lvl>15</lvl>
            </move>
            <move type="TM/HM">
                <machine>TM</machine>
                <name>Protect</name>
                <lvl>17</lvl>
            </move>
            <move type="TM/HM">
                <machine>TM</machine>
                <name>Rain Dance</name>
                <lvl>18</lvl>
            </move>
            <move type="TM/HM">
                <machine>TM</machine>
                <name>Frustration</name>
                <lvl>21</lvl>
            </move>
            <move type="TM/HM">
                <machine>TM</machine>
                <name>Iron Tail</name>
                <lvl>23</lvl>
            </move>
            <move type="TM/HM">
                <machine>TM</machine>
                <name>Earthquake</name>
                <lvl>26</lvl>
            </move>
            <move type="TM/HM">
                <machine>TM</machine>
                <name>Return</name>
                <lvl>27</lvl>
            </move>
            <move type="TM/HM">
                <machine>TM</machine>
                <name>Dig</name>
                <lvl>28</lvl>
            </move>
            <move type="TM/HM">
                <machine>TM</machine>
                <name>Brick Break</name>
                <lvl>31</lvl>
            </move>
            <move type="TM/HM">
                <machine>TM</machine>
                <name>Double Team</name>
                <lvl>32</lvl>
            </move>
            <move type="TM/HM">
                <machine>TM</machine>
                <name>Rock Tomb</name>
                <lvl>39</lvl>
            </move>
            <move type="TM/HM">
                <machine>TM</machine>
                <name>Facade</name>
                <lvl>42</lvl>
            </move>
            <move type="TM/HM">
                <machine>TM</machine>
                <name>Secret Power</name>
                <lvl>43</lvl>
            </move>
            <move type="TM/HM">
                <machine>TM</machine>
                <name>Rest</name>
                <lvl>44</lvl>
            </move>
            <move type="TM/HM">
                <machine>TM</machine>
                <name>Attract</name>
                <lvl>45</lvl>
            </move>
            <move type="TM/HM">
                <machine>TM</machine>
                <name>Focus Blast</name>
                <lvl>52</lvl>
            </move>
            <move type="TM/HM">
                <machine>TM</machine>
                <name>Brine</name>
                <lvl>55</lvl>
            </move>
            <move type="TM/HM">
                <machine>TM</machine>
                <name>Fling</name>
                <lvl>56</lvl>
            </move>
            <move type="TM/HM">
                <machine>TM</machine>
                <name>Endure</name>
                <lvl>58</lvl>
            </move>
            <move type="TM/HM">
                <machine>TM</machine>
                <name>Giga Impact</name>
                <lvl>68</lvl>
            </move>
            <move type="TM/HM">
                <machine>TM</machine>
                <name>Avalanche</name>
                <lvl>72</lvl>
            </move>
            <move type="TM/HM">
                <machine>TM</machine>
                <name>Gyro Ball</name>
                <lvl>74</lvl>
            </move>
            <move type="TM/HM">
                <machine>TM</machine>
                <name>Captivate</name>
                <lvl>78</lvl>
            </move>
            <move type="TM/HM">
                <machine>TM</machine>
                <name>Rock Slide</name>
                <lvl>80</lvl>
            </move>
            <move type="TM/HM">
                <machine>TM</machine>
                <name>Sleep Talk</name>
                <lvl>82</lvl>
            </move>
            <move type="TM/HM">
                <machine>TM</machine>
                <name>Natural Gift</name>
                <lvl>83</lvl>
            </move>
            <move type="TM/HM">
                <machine>TM</machine>
                <name>Swagger</name>
                <lvl>87</lvl>
            </move>
            <move type="TM/HM">
                <machine>TM</machine>
                <name>Substitute</name>
                <lvl>90</lvl>
            </move>
            <move type="TM/HM">
                <machine>TM</machine>
                <name>Flash Cannon</name>
                <lvl>91</lvl>
            </move>
            <move type="TM/HM">
                <machine>HM</machine>
                <name>Surf</name>
                <lvl>3</lvl>
            </move>
            <move type="TM/HM">
                <machine>HM</machine>
                <name>Strength</name>
                <lvl>4</lvl>
            </move>
            <move type="TM/HM">
                <machine>HM</machine>
                <name>Rock Smash</name>
                <lvl>6</lvl>
            </move>
            <move type="TM/HM">
                <machine>HM</machine>
                <name>Waterfall</name>
                <lvl>7</lvl>
            </move>
            <move type="TM/HM">
                <machine>HM</machine>
                <name>Rock Climb</name>
                <lvl>8</lvl>
            </move>
        </moves>
    </pokemon>
    <pokemon id="10">
        <name>CATERPIE</name>
        <type>Bug</type>
        <ability>Shield</ability>
        <exp>1000000</exp>
        <stats>
            <HP>45</HP>
            <ATK>30</ATK>
            <DEF>35</DEF>
            <SPD>45</SPD>
            <SAT>20</SAT>
            <SDF>20</SDF>
        </stats>
        <evolutions>
            <evolution id="10">
                <name>Caterpie</name>
            </evolution>
            <evolution id="11">
                <name>Metapod</name>
                <lvl>7</lvl>
            </evolution>
            <evolution id="12">
                <name>Butterfree</name>
                <lvl>10</lvl>
            </evolution>
        </evolutions>
        <egg-group>Bug</egg-group>
        <species>Worm Pokemon</species>
        <height>0.3</height>
        <weight>2.9</weight>
        <description>It releases a stench from its red antenna to repel enemies. It grows by molting repeatedly.</description>
        <moves>
            <move type="level-up">
                <name>Tackle</name>
                <lvl>1</lvl>
            </move>
            <move type="level-up">
                <name>String Shot</name>
                <lvl>1</lvl>
            </move>
        </moves>
    </pokemon>
</pokedex>